State and County FIPS Code,AVERT Region
01001,Southeast
01003,Southeast
01005,Southeast
01007,Southeast
01009,Southeast
01011,Southeast
01013,Southeast
01015,Southeast
01017,Southeast
01019,Southeast
01021,Southeast
01023,Southeast
01025,Southeast
01027,Southeast
01029,Southeast
01031,Southeast
01033,Tennessee
01035,Southeast
01037,Southeast
01039,Southeast
01041,Southeast
01043,Southeast
01045,Southeast
01047,Southeast
01049,Tennessee
01051,Southeast
01053,Southeast
01055,Southeast
01057,Southeast
01059,Southeast
01061,Southeast
01063,Southeast
01065,Southeast
01067,Southeast
01069,Southeast
01071,Tennessee
01073,Southeast
01075,Southeast
01077,Tennessee
01079,Southeast
01081,Southeast
01083,Tennessee
01085,Southeast
01087,Southeast
01089,Tennessee
01091,Southeast
01093,Southeast
01095,Southeast
01097,Southeast
01099,Southeast
01101,Southeast
01103,Tennessee
01105,Southeast
01107,Southeast
01109,Southeast
01111,Southeast
01113,Southeast
01115,Southeast
01117,Southeast
01119,Southeast
01121,Southeast
01123,Southeast
01125,Southeast
01127,Southeast
01129,Southeast
01131,Southeast
01133,Southeast
02013,Alaska
02016,Alaska
02020,Alaska
02050,Alaska
02060,Alaska
02068,Alaska
02070,Alaska
02090,Alaska
02100,Alaska
02105,Alaska
02110,Alaska
02122,Alaska
02130,Alaska
02150,Alaska
02164,Alaska
02170,Alaska
02180,Alaska
02185,Alaska
02188,Alaska
02195,Alaska
02198,Alaska
02220,Alaska
02230,Alaska
02240,Alaska
02261,Alaska
02270,Alaska
02275,Alaska
02282,Alaska
02290,Alaska
04001,Southwest
04003,Southwest
04005,Southwest
04007,Southwest
04009,Southwest
04011,Southwest
04012,Southwest
04013,Southwest
04015,Southwest
04017,Southwest
04019,Southwest
04021,Southwest
04023,Southwest
04025,Southwest
04027,Southwest
05001,Midwest
05003,Midwest
05005,Midwest
05007,Central
05009,Midwest
05011,Midwest
05013,Midwest
05015,Midwest
05017,Midwest
05019,Midwest
05021,Midwest
05023,Midwest
05025,Midwest
05027,Midwest
05029,Midwest
05031,Midwest
05033,Central
05035,Midwest
05037,Midwest
05039,Midwest
05041,Midwest
05043,Midwest
05045,Midwest
05047,Central
05049,Midwest
05051,Midwest
05053,Midwest
05055,Midwest
05057,Midwest
05059,Midwest
05061,Central
05063,Midwest
05065,Midwest
05067,Midwest
05069,Midwest
05071,Midwest
05073,Midwest
05075,Midwest
05077,Midwest
05079,Midwest
05081,Central
05083,Midwest
05085,Midwest
05087,Central
05089,Midwest
05091,Midwest
05093,Midwest
05095,Midwest
05097,Midwest
05099,Midwest
05101,Midwest
05103,Midwest
05105,Midwest
05107,Midwest
05109,Midwest
05111,Midwest
05113,Central
05115,Midwest
05117,Midwest
05119,Midwest
05121,Midwest
05123,Midwest
05125,Midwest
05127,Midwest
05129,Midwest
05131,Central
05133,Central
05135,Midwest
05137,Midwest
05139,Midwest
05141,Midwest
05143,Central
05145,Midwest
05147,Midwest
05149,Midwest
06001,California
06003,California
06005,California
06007,California
06009,California
06011,California
06013,California
06015,Northwest
06017,California
06019,California
06021,California
06023,California
06025,California
06027,California
06029,California
06031,California
06033,California
06035,California
06037,California
06039,California
06041,California
06043,California
06045,California
06047,California
06049,California
06051,California
06053,California
06055,California
06057,California
06059,California
06061,California
06063,California
06065,California
06067,California
06069,California
06071,California
06073,California
06075,California
06077,California
06079,California
06081,California
06083,California
06085,California
06087,California
06089,California
06091,California
06093,California
06095,California
06097,California
06099,California
06101,California
06103,California
06105,California
06107,California
06109,California
06111,California
06113,California
06115,California
08001,Rocky Mountains
08003,Rocky Mountains
08005,Rocky Mountains
08007,Rocky Mountains
08009,Rocky Mountains
08011,Rocky Mountains
08013,Rocky Mountains
08014,Rocky Mountains
08015,Rocky Mountains
08017,Rocky Mountains
08019,Rocky Mountains
08021,Rocky Mountains
08023,Rocky Mountains
08025,Rocky Mountains
08027,Rocky Mountains
08029,Rocky Mountains
08031,Rocky Mountains
08033,Rocky Mountains
08035,Rocky Mountains
08037,Rocky Mountains
08039,Rocky Mountains
08041,Rocky Mountains
08043,Rocky Mountains
08045,Rocky Mountains
08047,Rocky Mountains
08049,Rocky Mountains
08051,Rocky Mountains
08053,Rocky Mountains
08055,Rocky Mountains
08057,Rocky Mountains
08059,Rocky Mountains
08061,Rocky Mountains
08063,Rocky Mountains
08065,Rocky Mountains
08067,Rocky Mountains
08069,Rocky Mountains
08071,Rocky Mountains
08073,Rocky Mountains
08075,Rocky Mountains
08077,Rocky Mountains
08079,Rocky Mountains
08081,Rocky Mountains
08083,Rocky Mountains
08085,Rocky Mountains
08087,Rocky Mountains
08089,Rocky Mountains
08091,Rocky Mountains
08093,Rocky Mountains
08095,Rocky Mountains
08097,Rocky Mountains
08099,Rocky Mountains
08101,Rocky Mountains
08103,Rocky Mountains
08105,Rocky Mountains
08107,Rocky Mountains
08109,Rocky Mountains
08111,Rocky Mountains
08113,Rocky Mountains
08115,Rocky Mountains
08117,Rocky Mountains
08119,Rocky Mountains
08121,Rocky Mountains
08123,Rocky Mountains
08125,Rocky Mountains
09001,New England
09003,New England
09005,New England
09007,New England
09009,New England
09011,New England
09013,New England
09015,New England
10001,Mid-Atlantic
10003,Mid-Atlantic
10005,Mid-Atlantic
11001,Mid-Atlantic
12001,Florida
12003,Florida
12005,Florida
12007,Florida
12009,Florida
12011,Florida
12013,Florida
12015,Florida
12017,Florida
12019,Florida
12021,Florida
12023,Florida
12027,Florida
12029,Florida
12031,Florida
12033,Southeast
12035,Florida
12037,Florida
12039,Florida
12041,Florida
12043,Florida
12045,Florida
12047,Florida
12049,Florida
12051,Florida
12053,Florida
12055,Florida
12057,Florida
12059,Southeast
12061,Florida
12063,Southeast
12065,Florida
12067,Florida
12069,Florida
12071,Florida
12073,Florida
12075,Florida
12077,Florida
12079,Florida
12081,Florida
12083,Florida
12085,Florida
12086,Florida
12087,Florida
12089,Florida
12091,Southeast
12093,Florida
12095,Florida
12097,Florida
12099,Florida
12101,Florida
12103,Florida
12105,Florida
12107,Florida
12109,Florida
12111,Florida
12113,Southeast
12115,Florida
12117,Florida
12119,Florida
12121,Florida
12123,Florida
12125,Florida
12127,Florida
12129,Florida
12131,Southeast
12133,Southeast
13001,Southeast
13003,Southeast
13005,Southeast
13007,Southeast
13009,Southeast
13011,Southeast
13013,Southeast
13015,Southeast
13017,Southeast
13019,Southeast
13021,Southeast
13023,Southeast
13025,Southeast
13027,Southeast
13029,Southeast
13031,Southeast
13033,Southeast
13035,Southeast
13037,Southeast
13039,Southeast
13043,Southeast
13045,Southeast
13047,Southeast
13049,Southeast
13051,Southeast
13053,Southeast
13055,Southeast
13057,Southeast
13059,Southeast
13061,Southeast
13063,Southeast
13065,Southeast
13067,Southeast
13069,Southeast
13071,Southeast
13073,Southeast
13075,Southeast
13077,Southeast
13079,Southeast
13081,Southeast
13083,Southeast
13085,Southeast
13087,Southeast
13089,Southeast
13091,Southeast
13093,Southeast
13095,Southeast
13097,Southeast
13099,Southeast
13101,Southeast
13103,Southeast
13105,Southeast
13107,Southeast
13109,Southeast
13111,Southeast
13113,Southeast
13115,Southeast
13117,Southeast
13119,Southeast
13121,Southeast
13123,Southeast
13125,Southeast
13127,Southeast
13129,Southeast
13131,Southeast
13133,Southeast
13135,Southeast
13137,Southeast
13139,Southeast
13141,Southeast
13143,Southeast
13145,Southeast
13147,Southeast
13149,Southeast
13151,Southeast
13153,Southeast
13155,Southeast
13157,Southeast
13159,Southeast
13161,Southeast
13163,Southeast
13165,Southeast
13167,Southeast
13169,Southeast
13171,Southeast
13173,Southeast
13175,Southeast
13177,Southeast
13179,Southeast
13181,Southeast
13183,Southeast
13185,Southeast
13187,Southeast
13189,Southeast
13191,Southeast
13193,Southeast
13195,Southeast
13197,Southeast
13199,Southeast
13201,Southeast
13205,Southeast
13207,Southeast
13209,Southeast
13211,Southeast
13213,Southeast
13215,Southeast
13217,Southeast
13219,Southeast
13221,Southeast
13223,Southeast
13225,Southeast
13227,Southeast
13229,Southeast
13231,Southeast
13233,Southeast
13235,Southeast
13237,Southeast
13239,Southeast
13241,Southeast
13243,Southeast
13245,Southeast
13247,Southeast
13249,Southeast
13251,Southeast
13253,Southeast
13255,Southeast
13257,Southeast
13259,Southeast
13261,Southeast
13263,Southeast
13265,Southeast
13267,Southeast
13269,Southeast
13271,Southeast
13273,Southeast
13275,Southeast
13277,Southeast
13279,Southeast
13281,Tennessee
13283,Southeast
13285,Southeast
13287,Southeast
13289,Southeast
13291,Tennessee
13293,Southeast
13295,Southeast
13297,Southeast
13299,Southeast
13301,Southeast
13303,Southeast
13305,Southeast
13307,Southeast
13309,Southeast
13311,Southeast
13313,Southeast
13315,Southeast
13317,Southeast
13319,Southeast
13321,Southeast
15001,Hawaii
15003,Hawaii
15005,Hawaii
15007,Hawaii
15009,Hawaii
16001,Northwest
16003,Northwest
16005,Northwest
16007,Northwest
16009,Northwest
16011,Northwest
16013,Northwest
16015,Northwest
16017,Northwest
16019,Northwest
16021,Northwest
16023,Northwest
16025,Northwest
16027,Northwest
16029,Northwest
16031,Northwest
16033,Northwest
16035,Northwest
16037,Northwest
16039,Northwest
16041,Northwest
16043,Northwest
16045,Northwest
16047,Northwest
16049,Northwest
16051,Northwest
16053,Northwest
16055,Northwest
16057,Northwest
16059,Northwest
16061,Northwest
16063,Northwest
16065,Northwest
16067,Northwest
16069,Northwest
16071,Northwest
16073,Northwest
16075,Northwest
16077,Northwest
16079,Northwest
16081,Northwest
16083,Northwest
16085,Northwest
16087,Northwest
17001,Midwest
17003,Midwest
17005,Midwest
17007,Mid-Atlantic
17009,Midwest
17011,Mid-Atlantic
17013,Midwest
17015,Mid-Atlantic
17017,Midwest
17019,Midwest
17021,Midwest
17023,Midwest
17025,Midwest
17027,Midwest
17029,Midwest
17031,Mid-Atlantic
17033,Midwest
17035,Midwest
17037,Mid-Atlantic
17039,Midwest
17041,Midwest
17043,Mid-Atlantic
17045,Midwest
17047,Midwest
17049,Midwest
17051,Midwest
17053,Mid-Atlantic
17055,Midwest
17057,Midwest
17059,Midwest
17061,Midwest
17063,Mid-Atlantic
17065,Midwest
17067,Midwest
17069,Midwest
17071,Midwest
17073,Midwest
17075,Midwest
17077,Midwest
17079,Midwest
17081,Midwest
17083,Midwest
17085,Mid-Atlantic
17087,Midwest
17089,Mid-Atlantic
17091,Mid-Atlantic
17093,Mid-Atlantic
17095,Midwest
17097,Mid-Atlantic
17099,Mid-Atlantic
17101,Midwest
17103,Mid-Atlantic
17105,Mid-Atlantic
17107,Midwest
17109,Midwest
17111,Mid-Atlantic
17113,Midwest
17115,Midwest
17117,Midwest
17119,Midwest
17121,Midwest
17123,Mid-Atlantic
17125,Midwest
17127,Midwest
17129,Midwest
17131,Midwest
17133,Midwest
17135,Midwest
17137,Midwest
17139,Midwest
17141,Mid-Atlantic
17143,Midwest
17145,Midwest
17147,Midwest
17149,Midwest
17151,Midwest
17153,Midwest
17155,Midwest
17157,Midwest
17159,Midwest
17161,Midwest
17163,Midwest
17165,Midwest
17167,Midwest
17169,Midwest
17171,Midwest
17173,Midwest
17175,Midwest
17177,Mid-Atlantic
17179,Midwest
17181,Midwest
17183,Midwest
17185,Midwest
17187,Midwest
17189,Midwest
17191,Midwest
17193,Midwest
17195,Mid-Atlantic
17197,Mid-Atlantic
17199,Midwest
17201,Mid-Atlantic
17203,Mid-Atlantic
18001,Mid-Atlantic
18003,Mid-Atlantic
18005,Midwest
18007,Midwest
18009,Mid-Atlantic
18011,Midwest
18013,Midwest
18015,Midwest
18017,Midwest
18019,Midwest
18021,Midwest
18023,Midwest
18025,Midwest
18027,Midwest
18029,Midwest
18031,Midwest
18033,Midwest
18035,Midwest
18037,Midwest
18039,Midwest
18041,Midwest
18043,Midwest
18045,Midwest
18047,Midwest
18049,Midwest
18051,Midwest
18053,Midwest
18055,Midwest
18057,Midwest
18059,Midwest
18061,Midwest
18063,Midwest
18065,Midwest
18067,Midwest
18069,Midwest
18071,Midwest
18073,Midwest
18075,Mid-Atlantic
18077,Midwest
18079,Midwest
18081,Midwest
18083,Midwest
18085,Midwest
18087,Midwest
18089,Midwest
18091,Midwest
18093,Midwest
18095,Midwest
18097,Midwest
18099,Midwest
18101,Midwest
18103,Midwest
18105,Midwest
18107,Midwest
18109,Midwest
18111,Midwest
18113,Midwest
18115,Midwest
18117,Midwest
18119,Midwest
18121,Midwest
18123,Midwest
18125,Midwest
18127,Midwest
18129,Midwest
18131,Midwest
18133,Midwest
18135,Midwest
18137,Midwest
18139,Midwest
18141,Midwest
18143,Midwest
18145,Midwest
18147,Midwest
18149,Midwest
18151,Midwest
18153,Midwest
18155,Midwest
18157,Midwest
18159,Midwest
18161,Midwest
18163,Midwest
18165,Midwest
18167,Midwest
18169,Midwest
18171,Midwest
18173,Midwest
18175,Midwest
18177,Midwest
18179,Midwest
18181,Midwest
18183,Midwest
19001,Midwest
19003,Midwest
19005,Midwest
19007,Midwest
19009,Midwest
19011,Midwest
19013,Midwest
19015,Midwest
19017,Midwest
19019,Midwest
19021,Midwest
19023,Midwest
19025,Midwest
19027,Midwest
19029,Midwest
19031,Midwest
19033,Midwest
19035,Midwest
19037,Midwest
19039,Midwest
19041,Midwest
19043,Midwest
19045,Midwest
19047,Midwest
19049,Midwest
19051,Midwest
19053,Midwest
19055,Midwest
19057,Midwest
19059,Midwest
19061,Midwest
19063,Midwest
19065,Midwest
19067,Midwest
19069,Midwest
19071,Midwest
19073,Midwest
19075,Midwest
19077,Midwest
19079,Midwest
19081,Midwest
19083,Midwest
19085,Midwest
19087,Midwest
19089,Midwest
19091,Midwest
19093,Midwest
19095,Midwest
19097,Midwest
19099,Midwest
19101,Midwest
19103,Midwest
19105,Midwest
19107,Midwest
19109,Midwest
19111,Midwest
19113,Midwest
19115,Midwest
19117,Midwest
19119,Midwest
19121,Midwest
19123,Midwest
19125,Midwest
19127,Midwest
19129,Midwest
19131,Midwest
19133,Midwest
19135,Midwest
19137,Midwest
19139,Midwest
19141,Midwest
19143,Midwest
19145,Midwest
19147,Midwest
19149,Midwest
19151,Midwest
19153,Midwest
19155,Midwest
19157,Midwest
19159,Midwest
19161,Midwest
19163,Midwest
19165,Midwest
19167,Midwest
19169,Midwest
19171,Midwest
19173,Midwest
19175,Midwest
19177,Midwest
19179,Midwest
19181,Midwest
19183,Midwest
19185,Midwest
19187,Midwest
19189,Midwest
19191,Midwest
19193,Midwest
19195,Midwest
19197,Midwest
20001,Central
20003,Central
20005,Central
20007,Central
20009,Central
20011,Central
20013,Central
20015,Central
20017,Central
20019,Central
20021,Central
20023,Central
20025,Central
20027,Central
20029,Central
20031,Central
20033,Central
20035,Central
20037,Central
20039,Central
20041,Central
20043,Central
20045,Central
20047,Central
20049,Central
20051,Central
20053,Central
20055,Central
20057,Central
20059,Central
20061,Central
20063,Central
20065,Central
20067,Central
20069,Central
20071,Central
20073,Central
20075,Central
20077,Central
20079,Central
20081,Central
20083,Central
20085,Central
20087,Central
20089,Central
20091,Central
20093,Central
20095,Central
20097,Central
20099,Central
20101,Central
20103,Central
20105,Central
20107,Central
20109,Central
20111,Central
20113,Central
20115,Central
20117,Central
20119,Central
20121,Central
20123,Central
20125,Central
20127,Central
20129,Central
20131,Central
20133,Central
20135,Central
20137,Central
20139,Central
20141,Central
20143,Central
20145,Central
20147,Central
20149,Central
20151,Central
20153,Central
20155,Central
20157,Central
20159,Central
20161,Central
20163,Central
20165,Central
20167,Central
20169,Central
20171,Central
20173,Central
20175,Central
20177,Central
20179,Central
20181,Central
20183,Central
20185,Central
20187,Central
20189,Central
20191,Central
20193,Central
20195,Central
20197,Central
20199,Central
20201,Central
20203,Central
20205,Central
20207,Central
20209,Central
21001,Midwest
21003,Tennessee
21005,Midwest
21007,Midwest
21009,Midwest
21011,Midwest
21013,Midwest
21015,Mid-Atlantic
21017,Midwest
21019,Mid-Atlantic
21021,Midwest
21023,Midwest
21025,Mid-Atlantic
21027,Midwest
21029,Midwest
21031,Tennessee
21033,Midwest
21035,Tennessee
21037,Midwest
21039,Midwest
21041,Midwest
21043,Mid-Atlantic
21045,Midwest
21047,Midwest
21049,Midwest
21051,Midwest
21053,Mid-Atlantic
21055,Midwest
21057,Mid-Atlantic
21059,Midwest
21061,Midwest
21063,Mid-Atlantic
21065,Midwest
21067,Midwest
21069,Midwest
21071,Mid-Atlantic
21073,Midwest
21075,Midwest
21077,Midwest
21079,Midwest
21081,Midwest
21083,Tennessee
21085,Midwest
21087,Midwest
21089,Mid-Atlantic
21091,Midwest
21093,Midwest
21095,Midwest
21097,Midwest
21099,Midwest
21101,Midwest
21103,Midwest
21105,Midwest
21107,Midwest
21109,Mid-Atlantic
21111,Midwest
21113,Midwest
21115,Mid-Atlantic
21117,Mid-Atlantic
21119,Mid-Atlantic
21121,Midwest
21123,Midwest
21125,Midwest
21127,Mid-Atlantic
21129,Midwest
21131,Mid-Atlantic
21133,Mid-Atlantic
21135,Mid-Atlantic
21137,Midwest
21139,Midwest
21141,Tennessee
21143,Midwest
21145,Midwest
21147,Midwest
21149,Midwest
21151,Midwest
21153,Mid-Atlantic
21155,Midwest
21157,Tennessee
21159,Mid-Atlantic
21161,Midwest
21163,Midwest
21165,Mid-Atlantic
21167,Midwest
21169,Tennessee
21171,Tennessee
21173,Midwest
21175,Mid-Atlantic
21177,Midwest
21179,Midwest
21181,Midwest
21183,Midwest
21185,Midwest
21187,Midwest
21189,Mid-Atlantic
21191,Midwest
21193,Mid-Atlantic
21195,Mid-Atlantic
21197,Mid-Atlantic
21199,Midwest
21201,Midwest
21203,Midwest
21205,Midwest
21207,Midwest
21209,Midwest
21211,Midwest
21213,Tennessee
21215,Midwest
21217,Midwest
21219,Tennessee
21221,Tennessee
21223,Midwest
21225,Midwest
21227,Tennessee
21229,Midwest
21231,Mid-Atlantic
21233,Midwest
21235,Midwest
21237,Mid-Atlantic
21239,Midwest
22001,Midwest
22003,Midwest
22005,Midwest
22007,Midwest
22009,Midwest
22011,Midwest
22013,Midwest
22015,Midwest
22017,Central
22019,Midwest
22021,Midwest
22023,Midwest
22025,Midwest
22027,Midwest
22029,Midwest
22031,Midwest
22033,Midwest
22035,Midwest
22037,Midwest
22039,Midwest
22041,Midwest
22043,Midwest
22045,Midwest
22047,Midwest
22049,Midwest
22051,Midwest
22053,Midwest
22055,Midwest
22057,Midwest
22059,Midwest
22061,Midwest
22063,Midwest
22065,Midwest
22067,Midwest
22069,Midwest
22071,Midwest
22073,Midwest
22075,Midwest
22077,Midwest
22079,Midwest
22081,Midwest
22083,Midwest
22085,Midwest
22087,Midwest
22089,Midwest
22091,Midwest
22093,Midwest
22095,Midwest
22097,Midwest
22099,Midwest
22101,Midwest
22103,Midwest
22105,Midwest
22107,Midwest
22109,Midwest
22111,Midwest
22113,Midwest
22115,Midwest
22117,Midwest
22119,Midwest
22121,Midwest
22123,Midwest
22125,Midwest
22127,Midwest
23001,New England
23003,New England
23005,New England
23007,New England
23009,New England
23011,New England
23013,New England
23015,New England
23017,New England
23019,New England
23021,New England
23023,New England
23025,New England
23027,New England
23029,New England
23031,New England
24001,Mid-Atlantic
24003,Mid-Atlantic
24005,Mid-Atlantic
24009,Mid-Atlantic
24011,Mid-Atlantic
24013,Mid-Atlantic
24015,Mid-Atlantic
24017,Mid-Atlantic
24019,Mid-Atlantic
24021,Mid-Atlantic
24023,Mid-Atlantic
24025,Mid-Atlantic
24027,Mid-Atlantic
24029,Mid-Atlantic
24031,Mid-Atlantic
24033,Mid-Atlantic
24035,Mid-Atlantic
24037,Mid-Atlantic
24039,Mid-Atlantic
24041,Mid-Atlantic
24043,Mid-Atlantic
24045,Mid-Atlantic
24047,Mid-Atlantic
24510,Mid-Atlantic
25001,New England
25003,New England
25005,New England
25007,New England
25009,New England
25011,New England
25013,New England
25015,New England
25017,New England
25019,New England
25021,New England
25023,New England
25025,New England
25027,New England
26001,Midwest
26003,Midwest
26005,Midwest
26007,Midwest
26009,Midwest
26011,Midwest
26013,Midwest
26015,Midwest
26017,Midwest
26019,Midwest
26021,Mid-Atlantic
26023,Midwest
26025,Midwest
26027,Mid-Atlantic
26029,Midwest
26031,Midwest
26033,Midwest
26035,Midwest
26037,Midwest
26039,Midwest
26041,Midwest
26043,Midwest
26045,Midwest
26047,Midwest
26049,Midwest
26051,Midwest
26053,Midwest
26055,Midwest
26057,Midwest
26059,Midwest
26061,Midwest
26063,Midwest
26065,Midwest
26067,Midwest
26069,Midwest
26071,Midwest
26073,Midwest
26075,Midwest
26077,Midwest
26079,Midwest
26081,Midwest
26083,Midwest
26085,Midwest
26087,Midwest
26089,Midwest
26091,Midwest
26093,Midwest
26095,Midwest
26097,Midwest
26099,Midwest
26101,Midwest
26103,Midwest
26105,Midwest
26107,Midwest
26109,Midwest
26111,Midwest
26113,Midwest
26115,Midwest
26117,Midwest
26119,Midwest
26121,Midwest
26123,Midwest
26125,Midwest
26127,Midwest
26129,Midwest
26131,Midwest
26133,Midwest
26135,Midwest
26137,Midwest
26139,Midwest
26141,Midwest
26143,Midwest
26145,Midwest
26147,Midwest
26149,Midwest
26151,Midwest
26153,Midwest
26155,Midwest
26157,Midwest
26159,Midwest
26161,Midwest
26163,Midwest
26165,Midwest
27001,Midwest
27003,Midwest
27005,Midwest
27007,Midwest
27009,Midwest
27011,Midwest
27013,Midwest
27015,Midwest
27017,Midwest
27019,Midwest
27021,Midwest
27023,Midwest
27025,Midwest
27027,Midwest
27029,Midwest
27031,Midwest
27033,Midwest
27035,Midwest
27037,Midwest
27039,Midwest
27041,Midwest
27043,Midwest
27045,Midwest
27047,Midwest
27049,Midwest
27051,Midwest
27053,Midwest
27055,Midwest
27057,Midwest
27059,Midwest
27061,Midwest
27063,Midwest
27065,Midwest
27067,Midwest
27069,Midwest
27071,Midwest
27073,Midwest
27075,Midwest
27077,Midwest
27079,Midwest
27081,Midwest
27083,Midwest
27085,Midwest
27087,Midwest
27089,Midwest
27091,Midwest
27093,Midwest
27095,Midwest
27097,Midwest
27099,Midwest
27101,Midwest
27103,Midwest
27105,Midwest
27107,Midwest
27109,Midwest
27111,Midwest
27113,Midwest
27115,Midwest
27117,Midwest
27119,Midwest
27121,Midwest
27123,Midwest
27125,Midwest
27127,Midwest
27129,Midwest
27131,Midwest
27133,Midwest
27135,Midwest
27137,Midwest
27139,Midwest
27141,Midwest
27143,Midwest
27145,Midwest
27147,Midwest
27149,Midwest
27151,Midwest
27153,Midwest
27155,Midwest
27157,Midwest
27159,Midwest
27161,Midwest
27163,Midwest
27165,Midwest
27167,Midwest
27169,Midwest
27171,Midwest
27173,Midwest
28001,Midwest
28003,Tennessee
28005,Midwest
28007,Midwest
28009,Tennessee
28011,Midwest
28013,Midwest
28015,Midwest
28017,Tennessee
28019,Midwest
28021,Midwest
28023,Southeast
28025,Midwest
28027,Midwest
28029,Midwest
28031,Midwest
28033,Midwest
28035,Southeast
28037,Midwest
28039,Southeast
28041,Southeast
28043,Midwest
28045,Southeast
28047,Southeast
28049,Midwest
28051,Midwest
28053,Midwest
28055,Midwest
28057,Tennessee
28059,Southeast
28061,Southeast
28063,Midwest
28065,Midwest
28067,Southeast
28069,Tennessee
28071,Tennessee
28073,Southeast
28075,Southeast
28077,Midwest
28079,Midwest
28081,Tennessee
28083,Midwest
28085,Midwest
28087,Tennessee
28089,Midwest
28091,Southeast
28093,Tennessee
28095,Tennessee
28097,Midwest
28099,Southeast
28101,Southeast
28103,Tennessee
28105,Tennessee
28107,Midwest
28109,Southeast
28111,Southeast
28113,Midwest
28115,Tennessee
28117,Tennessee
28119,Midwest
28121,Midwest
28123,Midwest
28125,Midwest
28127,Midwest
28129,Midwest
28131,Southeast
28133,Midwest
28135,Midwest
28137,Midwest
28139,Tennessee
28141,Tennessee
28143,Midwest
28145,Tennessee
28147,Midwest
28149,Midwest
28151,Midwest
28153,Southeast
28155,Midwest
28157,Midwest
28159,Tennessee
28161,Midwest
28163,Midwest
29001,Midwest
29003,Central
29005,Central
29007,Midwest
29009,Central
29011,Central
29013,Central
29015,Central
29017,Midwest
29019,Midwest
29021,Central
29023,Midwest
29025,Midwest
29027,Midwest
29029,Midwest
29031,Midwest
29033,Central
29035,Midwest
29037,Central
29039,Central
29041,Midwest
29043,Central
29045,Midwest
29047,Midwest
29049,Midwest
29051,Midwest
29053,Midwest
29055,Midwest
29057,Central
29059,Central
29061,Midwest
29063,Midwest
29065,Midwest
29067,Midwest
29069,Midwest
29071,Midwest
29073,Midwest
29075,Midwest
29077,Central
29079,Central
29081,Central
29083,Central
29085,Central
29087,Central
29089,Midwest
29091,Midwest
29093,Midwest
29095,Central
29097,Central
29099,Midwest
29101,Central
29103,Midwest
29105,Midwest
29107,Central
29109,Central
29111,Midwest
29113,Midwest
29115,Midwest
29117,Midwest
29119,Central
29121,Midwest
29123,Midwest
29125,Midwest
29127,Midwest
29129,Central
29131,Midwest
29133,Midwest
29135,Midwest
29137,Midwest
29139,Midwest
29141,Midwest
29143,Midwest
29145,Central
29147,Central
29149,Midwest
29151,Midwest
29153,Midwest
29155,Midwest
29157,Midwest
29159,Midwest
29161,Midwest
29163,Midwest
29165,Central
29167,Central
29169,Midwest
29171,Midwest
29173,Midwest
29175,Midwest
29177,Midwest
29179,Midwest
29181,Midwest
29183,Midwest
29185,Central
29186,Midwest
29187,Midwest
29189,Midwest
29195,Midwest
29197,Midwest
29199,Midwest
29201,Midwest
29203,Midwest
29205,Midwest
29207,Midwest
29209,Central
29211,Midwest
29213,Central
29215,Midwest
29217,Central
29219,Midwest
29221,Midwest
29223,Midwest
29225,Midwest
29227,Central
29229,Midwest
29510,Midwest
30001,Northwest
30003,Northwest
30005,Northwest
30007,Northwest
30009,Northwest
30011,Rocky Mountains
30013,Northwest
30015,Northwest
30017,Central
30019,Central
30021,Central
30023,Northwest
30025,Central
30027,Northwest
30029,Northwest
30031,Northwest
30033,Central
30035,Northwest
30037,Northwest
30039,Northwest
30041,Northwest
30043,Northwest
30045,Northwest
30047,Northwest
30049,Northwest
30051,Northwest
30053,Northwest
30055,Central
30057,Northwest
30059,Northwest
30061,Northwest
30063,Northwest
30065,Northwest
30067,Northwest
30069,Northwest
30071,Northwest
30073,Northwest
30075,Rocky Mountains
30077,Northwest
30079,Central
30081,Northwest
30083,Central
30085,Central
30087,Northwest
30089,Northwest
30091,Central
30093,Northwest
30095,Northwest
30097,Northwest
30099,Northwest
30101,Northwest
30103,Northwest
30105,Northwest
30107,Northwest
30109,Central
30111,Northwest
31001,Central
31003,Central
31005,Rocky Mountains
31007,Rocky Mountains
31009,Central
31011,Central
31013,Central
31015,Central
31017,Central
31019,Central
31021,Central
31023,Central
31025,Central
31027,Central
31029,Central
31031,Central
31033,Rocky Mountains
31035,Central
31037,Central
31039,Central
31041,Central
31043,Central
31045,Central
31047,Central
31049,Central
31051,Central
31053,Central
31055,Central
31057,Central
31059,Central
31061,Central
31063,Central
31065,Central
31067,Central
31069,Central
31071,Central
31073,Central
31075,Central
31077,Central
31079,Central
31081,Central
31083,Central
31085,Central
31087,Central
31089,Central
31091,Central
31093,Central
31095,Central
31097,Central
31099,Central
31101,Central
31103,Central
31105,Rocky Mountains
31107,Central
31109,Central
31111,Central
31113,Central
31115,Central
31117,Central
31119,Central
31121,Central
31123,Central
31125,Central
31127,Central
31129,Central
31131,Central
31133,Central
31135,Central
31137,Central
31139,Central
31141,Central
31143,Central
31145,Central
31147,Central
31149,Central
31151,Central
31153,Central
31155,Central
31157,Central
31159,Central
31161,Central
31163,Central
31165,Central
31167,Central
31169,Central
31171,Central
31173,Central
31175,Central
31177,Central
31179,Central
31181,Central
31183,Central
31185,Central
32001,Northwest
32003,Northwest
32005,Northwest
32007,Northwest
32009,Northwest
32011,Northwest
32013,Northwest
32015,Northwest
32017,Northwest
32019,Northwest
32021,Northwest
32023,Northwest
32027,Northwest
32029,Northwest
32031,Northwest
32033,Northwest
32510,Northwest
33001,New England
33003,New England
33005,New England
33007,New England
33009,New England
33011,New England
33013,New England
33015,New England
33017,New England
33019,New England
34001,Mid-Atlantic
34003,Mid-Atlantic
34005,Mid-Atlantic
34007,Mid-Atlantic
34009,Mid-Atlantic
34011,Mid-Atlantic
34013,Mid-Atlantic
34015,Mid-Atlantic
34017,Mid-Atlantic
34019,Mid-Atlantic
34021,Mid-Atlantic
34023,Mid-Atlantic
34025,Mid-Atlantic
34027,Mid-Atlantic
34029,Mid-Atlantic
34031,Mid-Atlantic
34033,Mid-Atlantic
34035,Mid-Atlantic
34037,Mid-Atlantic
34039,Mid-Atlantic
34041,Mid-Atlantic
35001,Southwest
35003,Southwest
35005,Central
35006,Southwest
35007,Southwest
35009,Central
35011,Central
35013,Southwest
35015,Central
35017,Southwest
35019,Central
35021,Southwest
35023,Southwest
35025,Central
35027,Southwest
35028,Southwest
35029,Southwest
35031,Southwest
35033,Southwest
35035,Southwest
35037,Central
35039,Rocky Mountains
35041,Central
35043,Southwest
35045,Southwest
35047,Southwest
35049,Southwest
35051,Southwest
35053,Southwest
35055,Southwest
35057,Southwest
35059,Southwest
35061,Southwest
36001,New York
36003,New York
36005,New York
36007,New York
36009,New York
36011,New York
36013,New York
36015,New York
36017,New York
36019,New York
36021,New York
36023,New York
36025,New York
36027,New York
36029,New York
36031,New York
36033,New York
36035,New York
36037,New York
36039,New York
36041,New York
36043,New York
36045,New York
36047,New York
36049,New York
36051,New York
36053,New York
36055,New York
36057,New York
36059,New York
36061,New York
36063,New York
36065,New York
36067,New York
36069,New York
36071,New York
36073,New York
36075,New York
36077,New York
36079,New York
36081,New York
36083,New York
36085,New York
36087,New York
36089,New York
36091,New York
36093,New York
36095,New York
36097,New York
36099,New York
36101,New York
36103,New York
36105,New York
36107,New York
36109,New York
36111,New York
36113,New York
36115,New York
36117,New York
36119,New York
36121,New York
36123,New York
37001,Carolinas
37003,Carolinas
37005,Carolinas
37007,Carolinas
37009,Carolinas
37011,Carolinas
37013,Carolinas
37015,Mid-Atlantic
37017,Carolinas
37019,Carolinas
37021,Carolinas
37023,Carolinas
37025,Carolinas
37027,Carolinas
37029,Mid-Atlantic
37031,Carolinas
37033,Carolinas
37035,Carolinas
37037,Carolinas
37039,Carolinas
37041,Mid-Atlantic
37043,Carolinas
37045,Carolinas
37047,Carolinas
37049,Carolinas
37051,Carolinas
37053,Mid-Atlantic
37055,Mid-Atlantic
37057,Carolinas
37059,Carolinas
37061,Carolinas
37063,Carolinas
37065,Carolinas
37067,Carolinas
37069,Carolinas
37071,Carolinas
37073,Mid-Atlantic
37075,Carolinas
37077,Carolinas
37079,Carolinas
37081,Carolinas
37083,Carolinas
37085,Carolinas
37087,Carolinas
37089,Carolinas
37091,Mid-Atlantic
37093,Carolinas
37095,Mid-Atlantic
37097,Carolinas
37099,Carolinas
37101,Carolinas
37103,Carolinas
37105,Carolinas
37107,Carolinas
37109,Carolinas
37111,Carolinas
37113,Carolinas
37115,Carolinas
37117,Mid-Atlantic
37119,Carolinas
37121,Carolinas
37123,Carolinas
37125,Carolinas
37127,Carolinas
37129,Carolinas
37131,Mid-Atlantic
37133,Carolinas
37135,Carolinas
37137,Carolinas
37139,Mid-Atlantic
37141,Carolinas
37143,Mid-Atlantic
37145,Carolinas
37147,Carolinas
37149,Carolinas
37151,Carolinas
37153,Carolinas
37155,Carolinas
37157,Carolinas
37159,Carolinas
37161,Carolinas
37163,Carolinas
37165,Carolinas
37167,Carolinas
37169,Carolinas
37171,Carolinas
37173,Carolinas
37175,Carolinas
37177,Mid-Atlantic
37179,Carolinas
37181,Carolinas
37183,Carolinas
37185,Carolinas
37187,Mid-Atlantic
37189,Carolinas
37191,Carolinas
37193,Carolinas
37195,Carolinas
37197,Carolinas
37199,Carolinas
38001,Midwest
38003,Midwest
38005,Midwest
38007,Central
38009,Midwest
38011,Midwest
38013,Central
38015,Midwest
38017,Midwest
38019,Midwest
38021,Midwest
38023,Central
38025,Central
38027,Midwest
38029,Midwest
38031,Midwest
38033,Central
38035,Midwest
38037,Midwest
38039,Midwest
38041,Midwest
38043,Midwest
38045,Midwest
38047,Midwest
38049,Midwest
38051,Midwest
38053,Central
38055,Central
38057,Central
38059,Midwest
38061,Central
38063,Midwest
38065,Midwest
38067,Midwest
38069,Midwest
38071,Midwest
38073,Midwest
38075,Midwest
38077,Midwest
38079,Midwest
38081,Midwest
38083,Midwest
38085,Midwest
38087,Midwest
38089,Midwest
38091,Midwest
38093,Midwest
38095,Midwest
38097,Midwest
38099,Midwest
38101,Central
38103,Midwest
38105,Central
39001,Mid-Atlantic
39003,Mid-Atlantic
39005,Mid-Atlantic
39007,Mid-Atlantic
39009,Mid-Atlantic
39011,Mid-Atlantic
39013,Mid-Atlantic
39015,Mid-Atlantic
39017,Mid-Atlantic
39019,Mid-Atlantic
39021,Mid-Atlantic
39023,Mid-Atlantic
39025,Mid-Atlantic
39027,Mid-Atlantic
39029,Mid-Atlantic
39031,Mid-Atlantic
39033,Mid-Atlantic
39035,Mid-Atlantic
39037,Mid-Atlantic
39039,Mid-Atlantic
39041,Mid-Atlantic
39043,Mid-Atlantic
39045,Mid-Atlantic
39047,Mid-Atlantic
39049,Mid-Atlantic
39051,Mid-Atlantic
39053,Mid-Atlantic
39055,Mid-Atlantic
39057,Mid-Atlantic
39059,Mid-Atlantic
39061,Mid-Atlantic
39063,Mid-Atlantic
39065,Mid-Atlantic
39067,Mid-Atlantic
39069,Mid-Atlantic
39071,Mid-Atlantic
39073,Mid-Atlantic
39075,Mid-Atlantic
39077,Mid-Atlantic
39079,Mid-Atlantic
39081,Mid-Atlantic
39083,Mid-Atlantic
39085,Mid-Atlantic
39087,Mid-Atlantic
39089,Mid-Atlantic
39091,Mid-Atlantic
39093,Mid-Atlantic
39095,Mid-Atlantic
39097,Mid-Atlantic
39099,Mid-Atlantic
39101,Mid-Atlantic
39103,Mid-Atlantic
39105,Mid-Atlantic
39107,Mid-Atlantic
39109,Mid-Atlantic
39111,Mid-Atlantic
39113,Mid-Atlantic
39115,Mid-Atlantic
39117,Mid-Atlantic
39119,Mid-Atlantic
39121,Mid-Atlantic
39123,Mid-Atlantic
39125,Mid-Atlantic
39127,Mid-Atlantic
39129,Mid-Atlantic
39131,Mid-Atlantic
39133,Mid-Atlantic
39135,Mid-Atlantic
39137,Mid-Atlantic
39139,Mid-Atlantic
39141,Mid-Atlantic
39143,Mid-Atlantic
39145,Mid-Atlantic
39147,Mid-Atlantic
39149,Mid-Atlantic
39151,Mid-Atlantic
39153,Mid-Atlantic
39155,Mid-Atlantic
39157,Mid-Atlantic
39159,Mid-Atlantic
39161,Mid-Atlantic
39163,Mid-Atlantic
39165,Mid-Atlantic
39167,Mid-Atlantic
39169,Mid-Atlantic
39171,Mid-Atlantic
39173,Mid-Atlantic
39175,Mid-Atlantic
40001,Central
40003,Central
40005,Central
40007,Central
40009,Central
40011,Central
40013,Central
40015,Central
40017,Central
40019,Central
40021,Central
40023,Central
40025,Central
40027,Central
40029,Central
40031,Central
40033,Central
40035,Central
40037,Central
40039,Central
40041,Central
40043,Central
40045,Central
40047,Central
40049,Central
40051,Central
40053,Central
40055,Central
40057,Central
40059,Central
40061,Central
40063,Central
40065,Central
40067,Central
40069,Central
40071,Central
40073,Central
40075,Central
40077,Central
40079,Central
40081,Central
40083,Central
40085,Central
40087,Central
40089,Central
40091,Central
40093,Central
40095,Central
40097,Central
40099,Central
40101,Central
40103,Central
40105,Central
40107,Central
40109,Central
40111,Central
40113,Central
40115,Central
40117,Central
40119,Central
40121,Central
40123,Central
40125,Central
40127,Central
40129,Central
40131,Central
40133,Central
40135,Central
40137,Central
40139,Central
40141,Central
40143,Central
40145,Central
40147,Central
40149,Central
40151,Central
40153,Central
41001,Northwest
41003,Northwest
41005,Northwest
41007,Northwest
41009,Northwest
41011,Northwest
41013,Northwest
41015,Northwest
41017,Northwest
41019,Northwest
41021,Northwest
41023,Northwest
41025,Northwest
41027,Northwest
41029,Northwest
41031,Northwest
41033,Northwest
41035,Northwest
41037,Northwest
41039,Northwest
41041,Northwest
41043,Northwest
41045,Northwest
41047,Northwest
41049,Northwest
41051,Northwest
41053,Northwest
41055,Northwest
41057,Northwest
41059,Northwest
41061,Northwest
41063,Northwest
41065,Northwest
41067,Northwest
41069,Northwest
41071,Northwest
42001,Mid-Atlantic
42003,Mid-Atlantic
42005,Mid-Atlantic
42007,Mid-Atlantic
42009,Mid-Atlantic
42011,Mid-Atlantic
42013,Mid-Atlantic
42015,Mid-Atlantic
42017,Mid-Atlantic
42019,Mid-Atlantic
42021,Mid-Atlantic
42023,Mid-Atlantic
42025,Mid-Atlantic
42027,Mid-Atlantic
42029,Mid-Atlantic
42031,Mid-Atlantic
42033,Mid-Atlantic
42035,Mid-Atlantic
42037,Mid-Atlantic
42039,Mid-Atlantic
42041,Mid-Atlantic
42043,Mid-Atlantic
42045,Mid-Atlantic
42047,Mid-Atlantic
42049,Mid-Atlantic
42051,Mid-Atlantic
42053,Mid-Atlantic
42055,Mid-Atlantic
42057,Mid-Atlantic
42059,Mid-Atlantic
42061,Mid-Atlantic
42063,Mid-Atlantic
42065,Mid-Atlantic
42067,Mid-Atlantic
42069,Mid-Atlantic
42071,Mid-Atlantic
42073,Mid-Atlantic
42075,Mid-Atlantic
42077,Mid-Atlantic
42079,Mid-Atlantic
42081,Mid-Atlantic
42083,Mid-Atlantic
42085,Mid-Atlantic
42087,Mid-Atlantic
42089,Mid-Atlantic
42091,Mid-Atlantic
42093,Mid-Atlantic
42095,Mid-Atlantic
42097,Mid-Atlantic
42099,Mid-Atlantic
42101,Mid-Atlantic
42103,Mid-Atlantic
42105,Mid-Atlantic
42107,Mid-Atlantic
42109,Mid-Atlantic
42111,Mid-Atlantic
42113,Mid-Atlantic
42115,Mid-Atlantic
42117,Mid-Atlantic
42119,Mid-Atlantic
42121,Mid-Atlantic
42123,Mid-Atlantic
42125,Mid-Atlantic
42127,Mid-Atlantic
42129,Mid-Atlantic
42131,Mid-Atlantic
42133,Mid-Atlantic
44001,New England
44003,New England
44005,New England
44007,New England
44009,New England
45001,Carolinas
45003,Carolinas
45005,Carolinas
45007,Carolinas
45009,Carolinas
45011,Carolinas
45013,Carolinas
45015,Carolinas
45017,Carolinas
45019,Carolinas
45021,Carolinas
45023,Carolinas
45025,Carolinas
45027,Carolinas
45029,Carolinas
45031,Carolinas
45033,Carolinas
45035,Carolinas
45037,Carolinas
45039,Carolinas
45041,Carolinas
45043,Carolinas
45045,Carolinas
45047,Carolinas
45049,Carolinas
45051,Carolinas
45053,Carolinas
45055,Carolinas
45057,Carolinas
45059,Carolinas
45061,Carolinas
45063,Carolinas
45065,Carolinas
45067,Carolinas
45069,Carolinas
45071,Carolinas
45073,Carolinas
45075,Carolinas
45077,Carolinas
45079,Carolinas
45081,Carolinas
45083,Carolinas
45085,Carolinas
45087,Carolinas
45089,Carolinas
45091,Carolinas
46003,Central
46005,Central
46007,Rocky Mountains
46009,Central
46011,Central
46013,Central
46015,Central
46017,Rocky Mountains
46019,Rocky Mountains
46021,Rocky Mountains
46023,Central
46025,Central
46027,Central
46029,Central
46031,Midwest
46033,Rocky Mountains
46035,Central
46037,Central
46039,Central
46041,Rocky Mountains
46043,Central
46045,Central
46047,Rocky Mountains
46049,Central
46051,Midwest
46053,Rocky Mountains
46055,Rocky Mountains
46057,Central
46059,Central
46061,Midwest
46063,Midwest
46065,Central
46067,Midwest
46069,Central
46071,Rocky Mountains
46073,Central
46075,Rocky Mountains
46077,Central
46079,Midwest
46081,Rocky Mountains
46083,Midwest
46085,Rocky Mountains
46087,Midwest
46089,Central
46091,Central
46093,Rocky Mountains
46095,Central
46097,Midwest
46099,Midwest
46101,Midwest
46103,Rocky Mountains
46105,Rocky Mountains
46107,Rocky Mountains
46109,Midwest
46111,Midwest
46113,Central
46115,Central
46117,Rocky Mountains
46119,Rocky Mountains
46121,Rocky Mountains
46123,Rocky Mountains
46125,Midwest
46127,Central
46129,Rocky Mountains
46135,Central
46137,Rocky Mountains
47001,Tennessee
47003,Tennessee
47005,Tennessee
47007,Tennessee
47009,Tennessee
47011,Tennessee
47013,Tennessee
47015,Tennessee
47017,Tennessee
47019,Tennessee
47021,Tennessee
47023,Tennessee
47025,Tennessee
47027,Tennessee
47029,Tennessee
47031,Tennessee
47033,Tennessee
47035,Tennessee
47037,Tennessee
47039,Tennessee
47041,Tennessee
47043,Tennessee
47045,Tennessee
47047,Tennessee
47049,Tennessee
47051,Tennessee
47053,Tennessee
47055,Tennessee
47057,Tennessee
47059,Tennessee
47061,Tennessee
47063,Tennessee
47065,Tennessee
47067,Tennessee
47069,Tennessee
47071,Tennessee
47073,Mid-Atlantic
47075,Tennessee
47077,Tennessee
47079,Tennessee
47081,Tennessee
47083,Tennessee
47085,Tennessee
47087,Tennessee
47089,Tennessee
47091,Tennessee
47093,Tennessee
47095,Tennessee
47097,Tennessee
47099,Tennessee
47101,Tennessee
47103,Tennessee
47105,Tennessee
47107,Tennessee
47109,Tennessee
47111,Tennessee
47113,Tennessee
47115,Tennessee
47117,Tennessee
47119,Tennessee
47121,Tennessee
47123,Tennessee
47125,Tennessee
47127,Tennessee
47129,Tennessee
47131,Tennessee
47133,Tennessee
47135,Tennessee
47137,Tennessee
47139,Tennessee
47141,Tennessee
47143,Tennessee
47145,Tennessee
47147,Tennessee
47149,Tennessee
47151,Tennessee
47153,Tennessee
47155,Tennessee
47157,Tennessee
47159,Tennessee
47161,Tennessee
47163,Mid-Atlantic
47165,Tennessee
47167,Tennessee
47169,Tennessee
47171,Tennessee
47173,Tennessee
47175,Tennessee
47177,Tennessee
47179,Mid-Atlantic
47181,Tennessee
47183,Tennessee
47185,Tennessee
47187,Tennessee
47189,Tennessee
48001,Texas
48003,Central
48005,Midwest
48007,Texas
48009,Texas
48011,Central
48013,Texas
48015,Texas
48017,Central
48019,Texas
48021,Texas
48023,Texas
48025,Texas
48027,Texas
48029,Texas
48031,Texas
48033,Central
48035,Texas
48037,Central
48039,Texas
48041,Midwest
48043,Texas
48045,Central
48047,Texas
48049,Texas
48051,Midwest
48053,Texas
48055,Texas
48057,Texas
48059,Texas
48061,Texas
48063,Central
48065,Central
48067,Central
48069,Central
48071,Midwest
48073,Texas
48075,Central
48077,Texas
48079,Central
48081,Texas
48083,Texas
48085,Texas
48087,Central
48089,Texas
48091,Texas
48093,Texas
48095,Texas
48097,Texas
48099,Texas
48101,Central
48103,Texas
48105,Texas
48107,Central
48109,Southwest
48111,Central
48113,Texas
48115,Central
48117,Central
48119,Texas
48121,Texas
48123,Texas
48125,Texas
48127,Texas
48129,Central
48131,Texas
48133,Texas
48135,Central
48137,Texas
48139,Texas
48141,Southwest
48143,Texas
48145,Midwest
48147,Texas
48149,Texas
48151,Texas
48153,Central
48155,Central
48157,Texas
48159,Central
48161,Texas
48163,Texas
48165,Central
48167,Midwest
48169,Central
48171,Texas
48173,Texas
48175,Texas
48177,Texas
48179,Central
48181,Texas
48183,Central
48185,Midwest
48187,Texas
48189,Central
48191,Central
48193,Texas
48195,Central
48197,Texas
48199,Midwest
48201,Midwest
48203,Central
48205,Central
48207,Texas
48209,Texas
48211,Central
48213,Texas
48215,Texas
48217,Texas
48219,Central
48221,Texas
48223,Central
48225,Midwest
48227,Texas
48229,Southwest
48231,Texas
48233,Central
48235,Texas
48237,Texas
48239,Texas
48241,Midwest
48243,Texas
48245,Midwest
48247,Texas
48249,Texas
48251,Texas
48253,Texas
48255,Texas
48257,Texas
48259,Texas
48261,Texas
48263,Texas
48265,Texas
48267,Texas
48269,Texas
48271,Texas
48273,Texas
48275,Texas
48277,Texas
48279,Central
48281,Texas
48283,Texas
48285,Texas
48287,Texas
48289,Midwest
48291,Midwest
48293,Midwest
48295,Central
48297,Texas
48299,Texas
48301,Texas
48303,Central
48305,Central
48307,Texas
48309,Texas
48311,Texas
48313,Midwest
48315,Central
48317,Central
48319,Texas
48321,Texas
48323,Texas
48325,Texas
48327,Texas
48329,Central
48331,Midwest
48333,Texas
48335,Texas
48337,Texas
48339,Midwest
48341,Central
48343,Central
48345,Central
48347,Midwest
48349,Texas
48351,Midwest
48353,Texas
48355,Texas
48357,Central
48359,Central
48361,Midwest
48363,Texas
48365,Central
48367,Texas
48369,Central
48371,Texas
48373,Midwest
48375,Central
48377,Texas
48379,Central
48381,Central
48383,Texas
48385,Texas
48387,Central
48389,Texas
48391,Texas
48393,Central
48395,Midwest
48397,Texas
48399,Texas
48401,Central
48403,Midwest
48405,Midwest
48407,Midwest
48409,Texas
48411,Texas
48413,Texas
48415,Texas
48417,Texas
48419,Central
48421,Central
48423,Central
48425,Texas
48427,Texas
48429,Texas
48431,Texas
48433,Texas
48435,Texas
48437,Central
48439,Texas
48441,Texas
48443,Texas
48445,Central
48447,Texas
48449,Central
48451,Texas
48453,Texas
48455,Midwest
48457,Midwest
48459,Central
48461,Texas
48463,Texas
48465,Texas
48467,Central
48469,Texas
48471,Midwest
48473,Midwest
48475,Texas
48477,Midwest
48479,Texas
48481,Texas
48483,Central
48485,Central
48487,Central
48489,Texas
48491,Texas
48493,Texas
48495,Texas
48497,Texas
48499,Central
48501,Central
48503,Texas
48505,Texas
48507,Texas
49001,Northwest
49003,Northwest
49005,Northwest
49007,Northwest
49009,Rocky Mountains
49011,Northwest
49013,Northwest
49015,Northwest
49017,Northwest
49019,Northwest
49021,Northwest
49023,Northwest
49025,Rocky Mountains
49027,Northwest
49029,Northwest
49031,Northwest
49033,Northwest
49035,Northwest
49037,Northwest
49039,Northwest
49041,Northwest
49043,Northwest
49045,Northwest
49047,Northwest
49049,Northwest
49051,Northwest
49053,Northwest
49055,Rocky Mountains
49057,Northwest
50001,New England
50003,New England
50005,New England
50007,New England
50009,New England
50011,New England
50013,New England
50015,New England
50017,New England
50019,New England
50021,New England
50023,New England
50025,New England
50027,New England
51001,Mid-Atlantic
51003,Mid-Atlantic
51005,Mid-Atlantic
51007,Mid-Atlantic
51009,Mid-Atlantic
51011,Mid-Atlantic
51013,Mid-Atlantic
51015,Mid-Atlantic
51017,Mid-Atlantic
51019,Mid-Atlantic
51021,Mid-Atlantic
51023,Mid-Atlantic
51025,Mid-Atlantic
51027,Mid-Atlantic
51029,Mid-Atlantic
51031,Mid-Atlantic
51033,Mid-Atlantic
51035,Mid-Atlantic
51036,Mid-Atlantic
51037,Mid-Atlantic
51041,Mid-Atlantic
51043,Mid-Atlantic
51045,Mid-Atlantic
51047,Mid-Atlantic
51049,Mid-Atlantic
51051,Mid-Atlantic
51053,Mid-Atlantic
51057,Mid-Atlantic
51059,Mid-Atlantic
51061,Mid-Atlantic
51063,Mid-Atlantic
51065,Mid-Atlantic
51067,Mid-Atlantic
51069,Mid-Atlantic
51071,Mid-Atlantic
51073,Mid-Atlantic
51075,Mid-Atlantic
51077,Mid-Atlantic
51079,Mid-Atlantic
51081,Mid-Atlantic
51083,Mid-Atlantic
51085,Mid-Atlantic
51087,Mid-Atlantic
51089,Mid-Atlantic
51091,Mid-Atlantic
51093,Mid-Atlantic
51095,Mid-Atlantic
51097,Mid-Atlantic
51099,Mid-Atlantic
51101,Mid-Atlantic
51103,Mid-Atlantic
51105,Midwest
51107,Mid-Atlantic
51109,Mid-Atlantic
51111,Mid-Atlantic
51113,Mid-Atlantic
51115,Mid-Atlantic
51117,Mid-Atlantic
51119,Mid-Atlantic
51121,Mid-Atlantic
51125,Mid-Atlantic
51127,Mid-Atlantic
51131,Mid-Atlantic
51133,Mid-Atlantic
51135,Mid-Atlantic
51137,Mid-Atlantic
51139,Mid-Atlantic
51141,Mid-Atlantic
51143,Mid-Atlantic
51145,Mid-Atlantic
51147,Mid-Atlantic
51149,Mid-Atlantic
51153,Mid-Atlantic
51155,Mid-Atlantic
51157,Mid-Atlantic
51159,Mid-Atlantic
51161,Mid-Atlantic
51163,Mid-Atlantic
51165,Mid-Atlantic
51167,Mid-Atlantic
51169,Mid-Atlantic
51171,Mid-Atlantic
51173,Mid-Atlantic
51175,Mid-Atlantic
51177,Mid-Atlantic
51179,Mid-Atlantic
51181,Mid-Atlantic
51183,Mid-Atlantic
51185,Mid-Atlantic
51187,Mid-Atlantic
51191,Mid-Atlantic
51193,Mid-Atlantic
51195,Mid-Atlantic
51197,Mid-Atlantic
51199,Mid-Atlantic
51510,Mid-Atlantic
51515,Mid-Atlantic
51520,Tennessee
51530,Mid-Atlantic
51540,Mid-Atlantic
51550,Mid-Atlantic
51570,Mid-Atlantic
51580,Mid-Atlantic
51590,Mid-Atlantic
51595,Mid-Atlantic
51600,Mid-Atlantic
51610,Mid-Atlantic
51620,Mid-Atlantic
51630,Mid-Atlantic
51640,Mid-Atlantic
51650,Mid-Atlantic
51660,Mid-Atlantic
51670,Mid-Atlantic
51678,Mid-Atlantic
51680,Mid-Atlantic
51683,Mid-Atlantic
51685,Mid-Atlantic
51690,Mid-Atlantic
51700,Mid-Atlantic
51710,Mid-Atlantic
51720,Midwest
51730,Mid-Atlantic
51735,Mid-Atlantic
51740,Mid-Atlantic
51750,Mid-Atlantic
51760,Mid-Atlantic
51770,Mid-Atlantic
51775,Mid-Atlantic
51790,Mid-Atlantic
51800,Mid-Atlantic
51810,Mid-Atlantic
51820,Mid-Atlantic
51830,Mid-Atlantic
51840,Mid-Atlantic
53001,Northwest
53003,Northwest
53005,Northwest
53007,Northwest
53009,Northwest
53011,Northwest
53013,Northwest
53015,Northwest
53017,Northwest
53019,Northwest
53021,Northwest
53023,Northwest
53025,Northwest
53027,Northwest
53029,Northwest
53031,Northwest
53033,Northwest
53035,Northwest
53037,Northwest
53039,Northwest
53041,Northwest
53043,Northwest
53045,Northwest
53047,Northwest
53049,Northwest
53051,Northwest
53053,Northwest
53055,Northwest
53057,Northwest
53059,Northwest
53061,Northwest
53063,Northwest
53065,Northwest
53067,Northwest
53069,Northwest
53071,Northwest
53073,Northwest
53075,Northwest
53077,Northwest
54001,Mid-Atlantic
54003,Mid-Atlantic
54005,Mid-Atlantic
54007,Mid-Atlantic
54009,Mid-Atlantic
54011,Mid-Atlantic
54013,Mid-Atlantic
54015,Mid-Atlantic
54017,Mid-Atlantic
54019,Mid-Atlantic
54021,Mid-Atlantic
54023,Mid-Atlantic
54025,Mid-Atlantic
54027,Mid-Atlantic
54029,Mid-Atlantic
54031,Mid-Atlantic
54033,Mid-Atlantic
54035,Mid-Atlantic
54037,Mid-Atlantic
54039,Mid-Atlantic
54041,Mid-Atlantic
54043,Mid-Atlantic
54045,Mid-Atlantic
54047,Mid-Atlantic
54049,Mid-Atlantic
54051,Mid-Atlantic
54053,Mid-Atlantic
54055,Mid-Atlantic
54057,Mid-Atlantic
54059,Mid-Atlantic
54061,Mid-Atlantic
54063,Mid-Atlantic
54065,Mid-Atlantic
54067,Mid-Atlantic
54069,Mid-Atlantic
54071,Mid-Atlantic
54073,Mid-Atlantic
54075,Mid-Atlantic
54077,Mid-Atlantic
54079,Mid-Atlantic
54081,Mid-Atlantic
54083,Mid-Atlantic
54085,Mid-Atlantic
54087,Mid-Atlantic
54089,Mid-Atlantic
54091,Mid-Atlantic
54093,Mid-Atlantic
54095,Mid-Atlantic
54097,Mid-Atlantic
54099,Mid-Atlantic
54101,Mid-Atlantic
54103,Mid-Atlantic
54105,Mid-Atlantic
54107,Mid-Atlantic
54109,Mid-Atlantic
55001,Midwest
55003,Midwest
55005,Midwest
55007,Midwest
55009,Midwest
55011,Midwest
55013,Midwest
55015,Midwest
55017,Midwest
55019,Midwest
55021,Midwest
55023,Midwest
55025,Midwest
55027,Midwest
55029,Midwest
55031,Midwest
55033,Midwest
55035,Midwest
55037,Midwest
55039,Midwest
55041,Midwest
55043,Midwest
55045,Midwest
55047,Midwest
55049,Midwest
55051,Midwest
55053,Midwest
55055,Midwest
55057,Midwest
55059,Midwest
55061,Midwest
55063,Midwest
55065,Midwest
55067,Midwest
55069,Midwest
55071,Midwest
55073,Midwest
55075,Midwest
55077,Midwest
55078,Midwest
55079,Midwest
55081,Midwest
55083,Midwest
55085,Midwest
55087,Midwest
55089,Midwest
55091,Midwest
55093,Midwest
55095,Midwest
55097,Midwest
55099,Midwest
55101,Midwest
55103,Midwest
55105,Midwest
55107,Midwest
55109,Midwest
55111,Midwest
55113,Midwest
55115,Midwest
55117,Midwest
55119,Midwest
55121,Midwest
55123,Midwest
55125,Midwest
55127,Midwest
55129,Midwest
55131,Midwest
55133,Midwest
55135,Midwest
55137,Midwest
55139,Midwest
55141,Midwest
56001,Northwest
56003,Northwest
56005,Rocky Mountains
56007,Northwest
56009,Northwest
56011,Rocky Mountains
56013,Northwest
56015,Rocky Mountains
56017,Northwest
56019,Northwest
56021,Rocky Mountains
56023,Northwest
56025,Northwest
56027,Rocky Mountains
56029,Northwest
56031,Northwest
56033,Rocky Mountains
56035,Northwest
56037,Northwest
56039,Northwest
56041,Northwest
56043,Northwest
56045,Rocky Mountains
